# x, y, z, vx, vy, vz, mass
0,0,0,0,0,0,1.98855e30
1.49598261e11,0,0,0,29.78e3,0,5.97219e24
